{"cameraMode":{"drawMode":0,"name":"Shaded","section":"Shading Mode"},"sceneLighting":false,"audioPlay":false,"sceneViewState":{"showFog":true,"showMaterialUpdate":false,"showSkybox":false,"showFlares":true,"showImageEffects":true,"showParticleSystems":true},"in2DMode":false,"pivot":{"x":-8.004605293273926,"y":0.565070390701294,"z":-24.652280807495118},"rotation":{"x":-0.30489376187324526,"y":0.061654530465602878,"z":-0.01978367194533348,"w":-0.9501826167106628},"size":7.578866004943848,"orthographic":false}