{"cameraMode":{"drawMode":0,"name":"Shaded","section":"Shading Mode"},"sceneLighting":false,"audioPlay":false,"sceneViewState":{"showFog":true,"showMaterialUpdate":false,"showSkybox":false,"showFlares":true,"showImageEffects":true,"showParticleSystems":true},"in2DMode":false,"pivot":{"x":-0.49173980951309206,"y":0.5755223035812378,"z":20.518613815307618},"rotation":{"x":0.35450369119644167,"y":0.00841527245938778,"z":-0.00319076981395483,"w":0.9350128173828125},"size":7.074422359466553,"orthographic":false}