{"cameraMode":{"drawMode":0,"name":"Shaded","section":"Shading Mode"},"sceneLighting":false,"audioPlay":false,"sceneViewState":{"showFog":true,"showMaterialUpdate":false,"showSkybox":false,"showFlares":true,"showImageEffects":true,"showParticleSystems":true},"in2DMode":false,"pivot":{"x":-0.07765892893075943,"y":1.2548677921295167,"z":0.773341178894043},"rotation":{"x":0.2019759863615036,"y":0.014690178446471691,"z":-0.0030300633516162636,"w":0.9792769551277161},"size":4.825900077819824,"orthographic":false}