{"cameraMode":{"drawMode":0,"name":"Shaded","section":"Shading Mode"},"sceneLighting":false,"audioPlay":false,"sceneViewState":{"showFog":true,"showMaterialUpdate":false,"showSkybox":false,"showFlares":true,"showImageEffects":true,"showParticleSystems":true},"in2DMode":false,"pivot":{"x":12.14499568939209,"y":2.3541946411132814,"z":6.6032257080078129},"rotation":{"x":0.35450369119644167,"y":0.00841527245938778,"z":-0.00319076981395483,"w":0.9350128173828125},"size":33.110050201416019,"orthographic":false}