{"cameraMode":{"drawMode":0,"name":"Shaded","section":"Shading Mode"},"sceneLighting":true,"audioPlay":false,"sceneViewState":{"showFog":true,"showMaterialUpdate":false,"showSkybox":true,"showFlares":true,"showImageEffects":true,"showParticleSystems":true},"in2DMode":false,"pivot":{"x":46.3505859375,"y":-118.80619049072266,"z":76.67402648925781},"rotation":{"x":0.46459895372390749,"y":-0.5173794627189636,"z":0.4047854244709015,"w":0.593838632106781},"size":172.46192932128907,"orthographic":false}